{"cameraMode":{"drawMode":0,"name":"Shaded","section":"Shading Mode"},"sceneLighting":false,"audioPlay":false,"sceneViewState":{"m_AlwaysRefresh":false,"showFog":true,"showSkybox":false,"showFlares":true,"showImageEffects":true,"showParticleSystems":true,"showVisualEffectGraphs":true,"m_FxEnabled":true},"in2DMode":false,"pivot":{"x":-1.7583633661270142,"y":-40.316650390625,"z":18.865339279174806},"rotation":{"x":0.5362130999565125,"y":0.0029126242734491827,"z":-0.00020381768990773708,"w":0.8443211913108826},"size":22.950645446777345,"orthographic":false}