{"cameraMode":{"drawMode":0,"name":"Shaded","section":"Shading Mode"},"sceneLighting":false,"audioPlay":false,"sceneViewState":{"m_AlwaysRefresh":false,"showFog":true,"showSkybox":false,"showFlares":true,"showImageEffects":true,"showParticleSystems":true,"showVisualEffectGraphs":true,"m_FxEnabled":true},"in2DMode":false,"pivot":{"x":-0.23155748844146729,"y":0.22564949095249177,"z":0.036473602056503299},"rotation":{"x":-0.4212910532951355,"y":-0.5664816498756409,"z":0.41408848762512209,"w":-0.5749270915985107},"size":0.3948405981063843,"orthographic":false}