{"cameraMode":{"drawMode":0,"name":"Shaded","section":"Shading Mode"},"sceneLighting":true,"audioPlay":false,"sceneViewState":{"m_AlwaysRefresh":false,"showFog":true,"showSkybox":true,"showFlares":true,"showImageEffects":true,"showParticleSystems":true,"showVisualEffectGraphs":true,"m_FxEnabled":true},"in2DMode":false,"pivot":{"x":-1.910498023033142,"y":0.37305158376693728,"z":-0.007044876925647259},"rotation":{"x":0.44955021142959597,"y":-0.043947506695985797,"z":0.022460056468844415,"w":0.8920672535896301},"size":0.8719662427902222,"orthographic":false}